ID Year,Year,ID Race,Race,Household Income by Race,Household Income by Race Moe,Geography,ID Geography
2022,"2022",0,"Total",90739,22798,"Census Tract 6005.01, Los Angeles County, CA","14000US06037600501"
2022,"2022",0,"Total",80833,35302,"Census Tract 6006.01, Los Angeles County, CA","14000US06037600601"
2022,"2022",0,"Total",59783,11676,"Census Tract 6006.02, Los Angeles County, CA","14000US06037600602"
2022,"2022",0,"Total",107396,20542,"Census Tract 6007.02, Los Angeles County, CA","14000US06037600702"
2022,"2022",0,"Total",93250,10736,"Census Tract 6007.03, Los Angeles County, CA","14000US06037600703"
2022,"2022",0,"Total",72132,21596,"Census Tract 6007.04, Los Angeles County, CA","14000US06037600704"
2022,"2022",0,"Total",116875,27194,"Census Tract 6008.01, Los Angeles County, CA","14000US06037600801"
2022,"2022",0,"Total",57927,21158,"Census Tract 6008.02, Los Angeles County, CA","14000US06037600802"
2022,"2022",0,"Total",57418,11968,"Census Tract 6009.02, Los Angeles County, CA","14000US06037600902"
2022,"2022",0,"Total",77016,30889.000000000004,"Census Tract 6009.11, Los Angeles County, CA","14000US06037600911"
2022,"2022",0,"Total",73272,5869,"Census Tract 6009.12, Los Angeles County, CA","14000US06037600912"
2022,"2022",0,"Total",42878,28273,"Census Tract 6010.01, Los Angeles County, CA","14000US06037601001"
2022,"2022",0,"Total",59896,23537,"Census Tract 6010.02, Los Angeles County, CA","14000US06037601002"
2022,"2022",0,"Total",58655,5238,"Census Tract 6011, Los Angeles County, CA","14000US06037601100"
2022,"2022",0,"Total",74093,15334,"Census Tract 6012.02, Los Angeles County, CA","14000US06037601202"
2022,"2022",0,"Total",49871,11059,"Census Tract 6012.11, Los Angeles County, CA","14000US06037601211"
2022,"2022",0,"Total",63375,23311,"Census Tract 6012.12, Los Angeles County, CA","14000US06037601212"
2022,"2022",0,"Total",74410,19727,"Census Tract 6013.01, Los Angeles County, CA","14000US06037601301"
2022,"2022",0,"Total",72577,6754,"Census Tract 6013.02, Los Angeles County, CA","14000US06037601302"
2022,"2022",0,"Total",51932,14159.000000000002,"Census Tract 6013.03, Los Angeles County, CA","14000US06037601303"
2022,"2022",0,"Total",52941,14062,"Census Tract 6014.01, Los Angeles County, CA","14000US06037601401"
2022,"2022",0,"Total",88037,14901.000000000002,"Census Tract 6014.02, Los Angeles County, CA","14000US06037601402"
2022,"2022",0,"Total",52682,13413,"Census Tract 6015.01, Los Angeles County, CA","14000US06037601501"
2022,"2022",0,"Total",49219,21006,"Census Tract 6017, Los Angeles County, CA","14000US06037601700"
2022,"2022",0,"Total",51343,3045,"Census Tract 6018.01, Los Angeles County, CA","14000US06037601801"
2022,"2022",0,"Total",73462,7788,"Census Tract 6018.02, Los Angeles County, CA","14000US06037601802"
2022,"2022",0,"Total",57788,16959,"Census Tract 6019, Los Angeles County, CA","14000US06037601900"
2022,"2022",0,"Total",58750,9210,"Census Tract 6020.03, Los Angeles County, CA","14000US06037602003"
2022,"2022",0,"Total",68500,11741,"Census Tract 6021.04, Los Angeles County, CA","14000US06037602104"
2022,"2022",0,"Total",156776,35354,"Census Tract 7030.02, Los Angeles County, CA","14000US06037703002"
2021,"2021",0,"Total",83167,16782,"Census Tract 6005.01, Los Angeles County, CA","14000US06037600501"
2021,"2021",0,"Total",87596,14893,"Census Tract 6006.01, Los Angeles County, CA","14000US06037600601"
2021,"2021",0,"Total",52569,11116,"Census Tract 6006.02, Los Angeles County, CA","14000US06037600602"
2021,"2021",0,"Total",99449,15410.000000000002,"Census Tract 6007.02, Los Angeles County, CA","14000US06037600702"
2021,"2021",0,"Total",80859,10572,"Census Tract 6007.03, Los Angeles County, CA","14000US06037600703"
2021,"2021",0,"Total",78214,15789.000000000002,"Census Tract 6007.04, Los Angeles County, CA","14000US06037600704"
2021,"2021",0,"Total",113682,15659.999999999998,"Census Tract 6008.01, Los Angeles County, CA","14000US06037600801"
2021,"2021",0,"Total",57250,16946,"Census Tract 6008.02, Los Angeles County, CA","14000US06037600802"
2021,"2021",0,"Total",47146,11732,"Census Tract 6009.02, Los Angeles County, CA","14000US06037600902"
2021,"2021",0,"Total",71875,20367,"Census Tract 6009.11, Los Angeles County, CA","14000US06037600911"
2021,"2021",0,"Total",69859,7355,"Census Tract 6009.12, Los Angeles County, CA","14000US06037600912"
2021,"2021",0,"Total",29375,22893,"Census Tract 6010.01, Los Angeles County, CA","14000US06037601001"
2021,"2021",0,"Total",52446,20351,"Census Tract 6010.02, Los Angeles County, CA","14000US06037601002"
2021,"2021",0,"Total",48728,11776,"Census Tract 6011, Los Angeles County, CA","14000US06037601100"
2021,"2021",0,"Total",67451,14397,"Census Tract 6012.02, Los Angeles County, CA","14000US06037601202"
2021,"2021",0,"Total",43145,8637,"Census Tract 6012.11, Los Angeles County, CA","14000US06037601211"
2021,"2021",0,"Total",57917,10541,"Census Tract 6012.12, Los Angeles County, CA","14000US06037601212"
2021,"2021",0,"Total",69575,15400.000000000002,"Census Tract 6013.01, Los Angeles County, CA","14000US06037601301"
2021,"2021",0,"Total",70226,10726,"Census Tract 6013.02, Los Angeles County, CA","14000US06037601302"
2021,"2021",0,"Total",51887,9065,"Census Tract 6013.03, Los Angeles County, CA","14000US06037601303"
2021,"2021",0,"Total",52676,9923,"Census Tract 6014.01, Los Angeles County, CA","14000US06037601401"
2021,"2021",0,"Total",82828,19220,"Census Tract 6014.02, Los Angeles County, CA","14000US06037601402"
2021,"2021",0,"Total",47031,12213,"Census Tract 6015.01, Los Angeles County, CA","14000US06037601501"
2021,"2021",0,"Total",39962,15490.999999999998,"Census Tract 6017, Los Angeles County, CA","14000US06037601700"
2021,"2021",0,"Total",44881,9766,"Census Tract 6018.01, Los Angeles County, CA","14000US06037601801"
2021,"2021",0,"Total",75217,13173,"Census Tract 6018.02, Los Angeles County, CA","14000US06037601802"
2021,"2021",0,"Total",66948,8620,"Census Tract 6019, Los Angeles County, CA","14000US06037601900"
2021,"2021",0,"Total",57109,13155,"Census Tract 6020.03, Los Angeles County, CA","14000US06037602003"
2021,"2021",0,"Total",61031,10562,"Census Tract 6021.04, Los Angeles County, CA","14000US06037602104"
2021,"2021",0,"Total",112272,18693,"Census Tract 7030.02, Los Angeles County, CA","14000US06037703002"
2020,"2020",0,"Total",86985,20109,"Census Tract 6005.01, Los Angeles County, CA","14000US06037600501"
2020,"2020",0,"Total",83599,10810,"Census Tract 6006.01, Los Angeles County, CA","14000US06037600601"
2020,"2020",0,"Total",48173,14619,"Census Tract 6006.02, Los Angeles County, CA","14000US06037600602"
2020,"2020",0,"Total",109142,25297,"Census Tract 6007.02, Los Angeles County, CA","14000US06037600702"
2020,"2020",0,"Total",80446,10249,"Census Tract 6007.03, Los Angeles County, CA","14000US06037600703"
2020,"2020",0,"Total",76106,16819,"Census Tract 6007.04, Los Angeles County, CA","14000US06037600704"
2020,"2020",0,"Total",111725,16488,"Census Tract 6008.01, Los Angeles County, CA","14000US06037600801"
2020,"2020",0,"Total",56920,21794,"Census Tract 6008.02, Los Angeles County, CA","14000US06037600802"
2020,"2020",0,"Total",41967,6416,"Census Tract 6009.02, Los Angeles County, CA","14000US06037600902"
2020,"2020",0,"Total",63833,14635,"Census Tract 6009.11, Los Angeles County, CA","14000US06037600911"
2020,"2020",0,"Total",61555,6752,"Census Tract 6009.12, Los Angeles County, CA","14000US06037600912"
2020,"2020",0,"Total",36250,24255,"Census Tract 6010.01, Los Angeles County, CA","14000US06037601001"
2020,"2020",0,"Total",46597,11241,"Census Tract 6010.02, Los Angeles County, CA","14000US06037601002"
2020,"2020",0,"Total",43661,8797,"Census Tract 6011, Los Angeles County, CA","14000US06037601100"
2020,"2020",0,"Total",68750,15105,"Census Tract 6012.02, Los Angeles County, CA","14000US06037601202"
2020,"2020",0,"Total",43873,8948,"Census Tract 6012.11, Los Angeles County, CA","14000US06037601211"
2020,"2020",0,"Total",54671,14827.999999999998,"Census Tract 6012.12, Los Angeles County, CA","14000US06037601212"
2020,"2020",0,"Total",65579,7869,"Census Tract 6013.01, Los Angeles County, CA","14000US06037601301"
2020,"2020",0,"Total",62143,4948,"Census Tract 6013.02, Los Angeles County, CA","14000US06037601302"
2020,"2020",0,"Total",45563,12077,"Census Tract 6013.03, Los Angeles County, CA","14000US06037601303"
2020,"2020",0,"Total",50655,9311,"Census Tract 6014.01, Los Angeles County, CA","14000US06037601401"
2020,"2020",0,"Total",77908,19878,"Census Tract 6014.02, Los Angeles County, CA","14000US06037601402"
2020,"2020",0,"Total",36737,12782,"Census Tract 6015.01, Los Angeles County, CA","14000US06037601501"
2020,"2020",0,"Total",37045,10337,"Census Tract 6017, Los Angeles County, CA","14000US06037601700"
2020,"2020",0,"Total",41890,7277,"Census Tract 6018.01, Los Angeles County, CA","14000US06037601801"
2020,"2020",0,"Total",67361,11017,"Census Tract 6018.02, Los Angeles County, CA","14000US06037601802"
2020,"2020",0,"Total",63153,15149,"Census Tract 6019, Los Angeles County, CA","14000US06037601900"
2020,"2020",0,"Total",47083,13566.000000000002,"Census Tract 6020.03, Los Angeles County, CA","14000US06037602003"
2020,"2020",0,"Total",54321,9709,"Census Tract 6021.04, Los Angeles County, CA","14000US06037602104"
2020,"2020",0,"Total",101264,13385,"Census Tract 7030.02, Los Angeles County, CA","14000US06037703002"
2019,"2019",0,"Total",66908,6682,"Census Tract 6005.01, Los Angeles County, CA","14000US06037600501"
2019,"2019",0,"Total",66542,11103,"Census Tract 6005.02, Los Angeles County, CA","14000US06037600502"
2019,"2019",0,"Total",80708,7313.999999999999,"Census Tract 6006.01, Los Angeles County, CA","14000US06037600601"
2019,"2019",0,"Total",42143,7510,"Census Tract 6006.02, Los Angeles County, CA","14000US06037600602"
2019,"2019",0,"Total",98571,22404,"Census Tract 6007.02, Los Angeles County, CA","14000US06037600702"
2019,"2019",0,"Total",72500,8840,"Census Tract 6007.03, Los Angeles County, CA","14000US06037600703"
2019,"2019",0,"Total",70054,18555,"Census Tract 6007.04, Los Angeles County, CA","14000US06037600704"
2019,"2019",0,"Total",93125,23999,"Census Tract 6008.01, Los Angeles County, CA","14000US06037600801"
2019,"2019",0,"Total",69519,16565,"Census Tract 6008.02, Los Angeles County, CA","14000US06037600802"
2019,"2019",0,"Total",41477,10073,"Census Tract 6009.02, Los Angeles County, CA","14000US06037600902"
2019,"2019",0,"Total",59688,10143,"Census Tract 6009.11, Los Angeles County, CA","14000US06037600911"
2019,"2019",0,"Total",55568,5359,"Census Tract 6009.12, Los Angeles County, CA","14000US06037600912"
2019,"2019",0,"Total",32143,11581,"Census Tract 6010.01, Los Angeles County, CA","14000US06037601001"
2019,"2019",0,"Total",53008,8444,"Census Tract 6010.02, Los Angeles County, CA","14000US06037601002"
2019,"2019",0,"Total",34849,7849,"Census Tract 6011, Los Angeles County, CA","14000US06037601100"
2019,"2019",0,"Total",67083,10086,"Census Tract 6012.02, Los Angeles County, CA","14000US06037601202"
2019,"2019",0,"Total",44934,6335,"Census Tract 6012.11, Los Angeles County, CA","14000US06037601211"
2019,"2019",0,"Total",44932,11856,"Census Tract 6012.12, Los Angeles County, CA","14000US06037601212"
2019,"2019",0,"Total",72679,14931.000000000002,"Census Tract 6013.01, Los Angeles County, CA","14000US06037601301"
2019,"2019",0,"Total",51857,15619.000000000002,"Census Tract 6013.02, Los Angeles County, CA","14000US06037601302"
2019,"2019",0,"Total",50077,10807,"Census Tract 6013.03, Los Angeles County, CA","14000US06037601303"
2019,"2019",0,"Total",50094,6209,"Census Tract 6014.01, Los Angeles County, CA","14000US06037601401"
2019,"2019",0,"Total",62316,5944,"Census Tract 6014.02, Los Angeles County, CA","14000US06037601402"
2019,"2019",0,"Total",42794,8546,"Census Tract 6015.01, Los Angeles County, CA","14000US06037601501"
2019,"2019",0,"Total",39013,10538,"Census Tract 6017, Los Angeles County, CA","14000US06037601700"
2019,"2019",0,"Total",40870,6730,"Census Tract 6018.01, Los Angeles County, CA","14000US06037601801"
2019,"2019",0,"Total",63692,5131,"Census Tract 6018.02, Los Angeles County, CA","14000US06037601802"
2019,"2019",0,"Total",50933,7936.999999999999,"Census Tract 6019, Los Angeles County, CA","14000US06037601900"
2019,"2019",0,"Total",45948,13060,"Census Tract 6020.03, Los Angeles County, CA","14000US06037602003"
2019,"2019",0,"Total",51875,11706,"Census Tract 6020.04, Los Angeles County, CA","14000US06037602004"
2019,"2019",0,"Total",51750,6994.999999999999,"Census Tract 6021.04, Los Angeles County, CA","14000US06037602104"
2019,"2019",0,"Total",101534,16625,"Census Tract 7030.02, Los Angeles County, CA","14000US06037703002"
2018,"2018",0,"Total",60921,8340,"Census Tract 6005.01, Los Angeles County, CA","14000US06037600501"
2018,"2018",0,"Total",63182,14860,"Census Tract 6005.02, Los Angeles County, CA","14000US06037600502"
2018,"2018",0,"Total",72500,10718,"Census Tract 6006.01, Los Angeles County, CA","14000US06037600601"
2018,"2018",0,"Total",35559,6596,"Census Tract 6006.02, Los Angeles County, CA","14000US06037600602"
2018,"2018",0,"Total",91923,26207,"Census Tract 6007.02, Los Angeles County, CA","14000US06037600702"
2018,"2018",0,"Total",69413,7421.000000000001,"Census Tract 6007.03, Los Angeles County, CA","14000US06037600703"
2018,"2018",0,"Total",66250,21767,"Census Tract 6007.04, Los Angeles County, CA","14000US06037600704"
2018,"2018",0,"Total",86331,20905,"Census Tract 6008.01, Los Angeles County, CA","14000US06037600801"
2018,"2018",0,"Total",66694,6807.999999999999,"Census Tract 6008.02, Los Angeles County, CA","14000US06037600802"
2018,"2018",0,"Total",38608,8004.000000000001,"Census Tract 6009.02, Los Angeles County, CA","14000US06037600902"
2018,"2018",0,"Total",54700,15878.000000000002,"Census Tract 6009.11, Los Angeles County, CA","14000US06037600911"
2018,"2018",0,"Total",50600,7662.999999999999,"Census Tract 6009.12, Los Angeles County, CA","14000US06037600912"
2018,"2018",0,"Total",31934,7854.999999999999,"Census Tract 6010.01, Los Angeles County, CA","14000US06037601001"
2018,"2018",0,"Total",47624,14525,"Census Tract 6010.02, Los Angeles County, CA","14000US06037601002"
2018,"2018",0,"Total",34215,7109.999999999999,"Census Tract 6011, Los Angeles County, CA","14000US06037601100"
2018,"2018",0,"Total",52578,18900,"Census Tract 6012.02, Los Angeles County, CA","14000US06037601202"
2018,"2018",0,"Total",41469,7917.000000000001,"Census Tract 6012.11, Los Angeles County, CA","14000US06037601211"
2018,"2018",0,"Total",45563,9418,"Census Tract 6012.12, Los Angeles County, CA","14000US06037601212"
2018,"2018",0,"Total",64805,11948,"Census Tract 6013.01, Los Angeles County, CA","14000US06037601301"
2018,"2018",0,"Total",47944,11120,"Census Tract 6013.02, Los Angeles County, CA","14000US06037601302"
2018,"2018",0,"Total",45607,8665,"Census Tract 6013.03, Los Angeles County, CA","14000US06037601303"
2018,"2018",0,"Total",46754,6667,"Census Tract 6014.01, Los Angeles County, CA","14000US06037601401"
2018,"2018",0,"Total",55714,9149,"Census Tract 6014.02, Los Angeles County, CA","14000US06037601402"
2018,"2018",0,"Total",36515,6919,"Census Tract 6015.01, Los Angeles County, CA","14000US06037601501"
2018,"2018",0,"Total",47000,20566,"Census Tract 6017, Los Angeles County, CA","14000US06037601700"
2018,"2018",0,"Total",36594,4783,"Census Tract 6018.01, Los Angeles County, CA","14000US06037601801"
2018,"2018",0,"Total",46789,12417,"Census Tract 6018.02, Los Angeles County, CA","14000US06037601802"
2018,"2018",0,"Total",49855,9499,"Census Tract 6019, Los Angeles County, CA","14000US06037601900"
2018,"2018",0,"Total",43810,4577,"Census Tract 6020.03, Los Angeles County, CA","14000US06037602003"
2018,"2018",0,"Total",50926,8781,"Census Tract 6020.04, Los Angeles County, CA","14000US06037602004"
2018,"2018",0,"Total",47344,4163,"Census Tract 6021.04, Los Angeles County, CA","14000US06037602104"
2018,"2018",0,"Total",101765,18718,"Census Tract 7030.02, Los Angeles County, CA","14000US06037703002"
2017,"2017",0,"Total",61301,3468.9999999999995,"Census Tract 6005.01, Los Angeles County, CA","14000US06037600501"
2017,"2017",0,"Total",63304,14797.000000000002,"Census Tract 6005.02, Los Angeles County, CA","14000US06037600502"
2017,"2017",0,"Total",66111,5644,"Census Tract 6006.01, Los Angeles County, CA","14000US06037600601"
2017,"2017",0,"Total",35223,6185,"Census Tract 6006.02, Los Angeles County, CA","14000US06037600602"
2017,"2017",0,"Total",101290,18397,"Census Tract 6007.02, Los Angeles County, CA","14000US06037600702"
2017,"2017",0,"Total",66394,4320,"Census Tract 6007.03, Los Angeles County, CA","14000US06037600703"
2017,"2017",0,"Total",62813,19953,"Census Tract 6007.04, Los Angeles County, CA","14000US06037600704"
2017,"2017",0,"Total",56813,17299,"Census Tract 6008.01, Los Angeles County, CA","14000US06037600801"
2017,"2017",0,"Total",63706,13724,"Census Tract 6008.02, Los Angeles County, CA","14000US06037600802"
2017,"2017",0,"Total",33730,5442,"Census Tract 6009.02, Los Angeles County, CA","14000US06037600902"
2017,"2017",0,"Total",56875,12743,"Census Tract 6009.11, Los Angeles County, CA","14000US06037600911"
2017,"2017",0,"Total",45513,5162,"Census Tract 6009.12, Los Angeles County, CA","14000US06037600912"
2017,"2017",0,"Total",31818,10709,"Census Tract 6010.01, Los Angeles County, CA","14000US06037601001"
2017,"2017",0,"Total",41214,8013,"Census Tract 6010.02, Los Angeles County, CA","14000US06037601002"
2017,"2017",0,"Total",31566,4568,"Census Tract 6011, Los Angeles County, CA","14000US06037601100"
2017,"2017",0,"Total",58882,20114,"Census Tract 6012.02, Los Angeles County, CA","14000US06037601202"
2017,"2017",0,"Total",33750,10430,"Census Tract 6012.11, Los Angeles County, CA","14000US06037601211"
2017,"2017",0,"Total",41538,3939,"Census Tract 6012.12, Los Angeles County, CA","14000US06037601212"
2017,"2017",0,"Total",65156,14214.000000000002,"Census Tract 6013.01, Los Angeles County, CA","14000US06037601301"
2017,"2017",0,"Total",50641,8694,"Census Tract 6013.02, Los Angeles County, CA","14000US06037601302"
2017,"2017",0,"Total",40590,2527,"Census Tract 6013.03, Los Angeles County, CA","14000US06037601303"
2017,"2017",0,"Total",46791,4474,"Census Tract 6014.01, Los Angeles County, CA","14000US06037601401"
2017,"2017",0,"Total",56162,5392,"Census Tract 6014.02, Los Angeles County, CA","14000US06037601402"
2017,"2017",0,"Total",35357,7579,"Census Tract 6015.01, Los Angeles County, CA","14000US06037601501"
2017,"2017",0,"Total",37059,9351,"Census Tract 6017, Los Angeles County, CA","14000US06037601700"
2017,"2017",0,"Total",35600,4288,"Census Tract 6018.01, Los Angeles County, CA","14000US06037601801"
2017,"2017",0,"Total",46957,14512,"Census Tract 6018.02, Los Angeles County, CA","14000US06037601802"
2017,"2017",0,"Total",39668,11516,"Census Tract 6019, Los Angeles County, CA","14000US06037601900"
2017,"2017",0,"Total",41351,3851,"Census Tract 6020.03, Los Angeles County, CA","14000US06037602003"
2017,"2017",0,"Total",40587,6511,"Census Tract 6020.04, Los Angeles County, CA","14000US06037602004"
2017,"2017",0,"Total",47005,5990,"Census Tract 6021.04, Los Angeles County, CA","14000US06037602104"
2017,"2017",0,"Total",100909,16101,"Census Tract 7030.02, Los Angeles County, CA","14000US06037703002"
2016,"2016",0,"Total",57054,7901,"Census Tract 6005.01, Los Angeles County, CA","14000US06037600501"
2016,"2016",0,"Total",56744,11206,"Census Tract 6005.02, Los Angeles County, CA","14000US06037600502"
2016,"2016",0,"Total",62281,4902,"Census Tract 6006.01, Los Angeles County, CA","14000US06037600601"
2016,"2016",0,"Total",30644,5216,"Census Tract 6006.02, Los Angeles County, CA","14000US06037600602"
2016,"2016",0,"Total",86842,27704,"Census Tract 6007.02, Los Angeles County, CA","14000US06037600702"
2016,"2016",0,"Total",67090,7896,"Census Tract 6007.03, Los Angeles County, CA","14000US06037600703"
2016,"2016",0,"Total",65144,18471,"Census Tract 6007.04, Los Angeles County, CA","14000US06037600704"
2016,"2016",0,"Total",55741,22280,"Census Tract 6008.01, Los Angeles County, CA","14000US06037600801"
2016,"2016",0,"Total",51922,5231,"Census Tract 6008.02, Los Angeles County, CA","14000US06037600802"
2016,"2016",0,"Total",35725,6234,"Census Tract 6009.02, Los Angeles County, CA","14000US06037600902"
2016,"2016",0,"Total",51875,13850.999999999998,"Census Tract 6009.11, Los Angeles County, CA","14000US06037600911"
2016,"2016",0,"Total",43721,3249,"Census Tract 6009.12, Los Angeles County, CA","14000US06037600912"
2016,"2016",0,"Total",27667,7548.000000000001,"Census Tract 6010.01, Los Angeles County, CA","14000US06037601001"
2016,"2016",0,"Total",42222,7505.999999999999,"Census Tract 6010.02, Los Angeles County, CA","14000US06037601002"
2016,"2016",0,"Total",31213,1824.0000000000002,"Census Tract 6011, Los Angeles County, CA","14000US06037601100"
2016,"2016",0,"Total",48382,19507,"Census Tract 6012.02, Los Angeles County, CA","14000US06037601202"
2016,"2016",0,"Total",37841,11211,"Census Tract 6012.11, Los Angeles County, CA","14000US06037601211"
2016,"2016",0,"Total",39788,3433.9999999999995,"Census Tract 6012.12, Los Angeles County, CA","14000US06037601212"
2016,"2016",0,"Total",60625,9939,"Census Tract 6013.01, Los Angeles County, CA","14000US06037601301"
2016,"2016",0,"Total",47658,6197,"Census Tract 6013.02, Los Angeles County, CA","14000US06037601302"
2016,"2016",0,"Total",38091,4396,"Census Tract 6013.03, Los Angeles County, CA","14000US06037601303"
2016,"2016",0,"Total",42628,7293.999999999999,"Census Tract 6014.01, Los Angeles County, CA","14000US06037601401"
2016,"2016",0,"Total",55531,5104,"Census Tract 6014.02, Los Angeles County, CA","14000US06037601402"
2016,"2016",0,"Total",34563,7385,"Census Tract 6015.01, Los Angeles County, CA","14000US06037601501"
2016,"2016",0,"Total",32479,8229,"Census Tract 6017, Los Angeles County, CA","14000US06037601700"
2016,"2016",0,"Total",33984,5292,"Census Tract 6018.01, Los Angeles County, CA","14000US06037601801"
2016,"2016",0,"Total",43063,8314,"Census Tract 6018.02, Los Angeles County, CA","14000US06037601802"
2016,"2016",0,"Total",39271,12570,"Census Tract 6019, Los Angeles County, CA","14000US06037601900"
2016,"2016",0,"Total",38516,4599,"Census Tract 6020.03, Los Angeles County, CA","14000US06037602003"
2016,"2016",0,"Total",39730,5455,"Census Tract 6020.04, Los Angeles County, CA","14000US06037602004"
2016,"2016",0,"Total",44731,4625,"Census Tract 6021.04, Los Angeles County, CA","14000US06037602104"
2016,"2016",0,"Total",89674,21200,"Census Tract 7030.02, Los Angeles County, CA","14000US06037703002"
2015,"2015",0,"Total",58425,4799,"Census Tract 6005.01, Los Angeles County, CA","14000US06037600501"
2015,"2015",0,"Total",57262,12823,"Census Tract 6005.02, Los Angeles County, CA","14000US06037600502"
2015,"2015",0,"Total",62841,5512,"Census Tract 6006.01, Los Angeles County, CA","14000US06037600601"
2015,"2015",0,"Total",26833,5174,"Census Tract 6006.02, Los Angeles County, CA","14000US06037600602"
2015,"2015",0,"Total",71169,19005,"Census Tract 6007.02, Los Angeles County, CA","14000US06037600702"
2015,"2015",0,"Total",65885,7246,"Census Tract 6007.03, Los Angeles County, CA","14000US06037600703"
2015,"2015",0,"Total",66607,13242,"Census Tract 6007.04, Los Angeles County, CA","14000US06037600704"
2015,"2015",0,"Total",62232,18445,"Census Tract 6008.01, Los Angeles County, CA","14000US06037600801"
2015,"2015",0,"Total",52955,16611,"Census Tract 6008.02, Los Angeles County, CA","14000US06037600802"
2015,"2015",0,"Total",34780,6134,"Census Tract 6009.02, Los Angeles County, CA","14000US06037600902"
2015,"2015",0,"Total",50842,9148,"Census Tract 6009.11, Los Angeles County, CA","14000US06037600911"
2015,"2015",0,"Total",43847,3710,"Census Tract 6009.12, Los Angeles County, CA","14000US06037600912"
2015,"2015",0,"Total",22047,3858.9999999999995,"Census Tract 6010.01, Los Angeles County, CA","14000US06037601001"
2015,"2015",0,"Total",40864,5658,"Census Tract 6010.02, Los Angeles County, CA","14000US06037601002"
2015,"2015",0,"Total",30375,4360,"Census Tract 6011, Los Angeles County, CA","14000US06037601100"
2015,"2015",0,"Total",42038,5735,"Census Tract 6012.02, Los Angeles County, CA","14000US06037601202"
2015,"2015",0,"Total",35816,7856,"Census Tract 6012.11, Los Angeles County, CA","14000US06037601211"
2015,"2015",0,"Total",39375,7181.999999999999,"Census Tract 6012.12, Los Angeles County, CA","14000US06037601212"
2015,"2015",0,"Total",60625,7990,"Census Tract 6013.01, Los Angeles County, CA","14000US06037601301"
2015,"2015",0,"Total",46960,6175,"Census Tract 6013.02, Los Angeles County, CA","14000US06037601302"
2015,"2015",0,"Total",33000,4179,"Census Tract 6013.03, Los Angeles County, CA","14000US06037601303"
2015,"2015",0,"Total",41338,5131,"Census Tract 6014.01, Los Angeles County, CA","14000US06037601401"
2015,"2015",0,"Total",50938,12363,"Census Tract 6014.02, Los Angeles County, CA","14000US06037601402"
2015,"2015",0,"Total",32459,6246,"Census Tract 6015.01, Los Angeles County, CA","14000US06037601501"
2015,"2015",0,"Total",32437,14087,"Census Tract 6017, Los Angeles County, CA","14000US06037601700"
2015,"2015",0,"Total",31969,5430,"Census Tract 6018.01, Los Angeles County, CA","14000US06037601801"
2015,"2015",0,"Total",36760,10702,"Census Tract 6018.02, Los Angeles County, CA","14000US06037601802"
2015,"2015",0,"Total",34195,6958,"Census Tract 6019, Los Angeles County, CA","14000US06037601900"
2015,"2015",0,"Total",36676,4235,"Census Tract 6020.03, Los Angeles County, CA","14000US06037602003"
2015,"2015",0,"Total",37832,3549,"Census Tract 6020.04, Los Angeles County, CA","14000US06037602004"
2015,"2015",0,"Total",41813,4646,"Census Tract 6021.04, Los Angeles County, CA","14000US06037602104"
2015,"2015",0,"Total",103393,14211,"Census Tract 7030.02, Los Angeles County, CA","14000US06037703002"
2014,"2014",0,"Total",62679,8003,"Census Tract 6005.01, Los Angeles County, CA","14000US06037600501"
2014,"2014",0,"Total",66750,9871,"Census Tract 6005.02, Los Angeles County, CA","14000US06037600502"
2014,"2014",0,"Total",52297,10103,"Census Tract 6006.01, Los Angeles County, CA","14000US06037600601"
2014,"2014",0,"Total",27019,4302,"Census Tract 6006.02, Los Angeles County, CA","14000US06037600602"
2014,"2014",0,"Total",72328,18170,"Census Tract 6007.02, Los Angeles County, CA","14000US06037600702"
2014,"2014",0,"Total",65119,12283,"Census Tract 6007.03, Los Angeles County, CA","14000US06037600703"
2014,"2014",0,"Total",65531,15190,"Census Tract 6007.04, Los Angeles County, CA","14000US06037600704"
2014,"2014",0,"Total",55625,23858,"Census Tract 6008.01, Los Angeles County, CA","14000US06037600801"
2014,"2014",0,"Total",54036,11123,"Census Tract 6008.02, Los Angeles County, CA","14000US06037600802"
2014,"2014",0,"Total",33425,4616,"Census Tract 6009.02, Los Angeles County, CA","14000US06037600902"
2014,"2014",0,"Total",51307,15339,"Census Tract 6009.11, Los Angeles County, CA","14000US06037600911"
2014,"2014",0,"Total",42903,4903,"Census Tract 6009.12, Los Angeles County, CA","14000US06037600912"
2014,"2014",0,"Total",24417,7104,"Census Tract 6010.01, Los Angeles County, CA","14000US06037601001"
2014,"2014",0,"Total",41214,5888,"Census Tract 6010.02, Los Angeles County, CA","14000US06037601002"
2014,"2014",0,"Total",28763,3975.9999999999995,"Census Tract 6011, Los Angeles County, CA","14000US06037601100"
2014,"2014",0,"Total",42105,7151.999999999999,"Census Tract 6012.02, Los Angeles County, CA","14000US06037601202"
2014,"2014",0,"Total",35767,6569,"Census Tract 6012.11, Los Angeles County, CA","14000US06037601211"
2014,"2014",0,"Total",37543,5592,"Census Tract 6012.12, Los Angeles County, CA","14000US06037601212"
2014,"2014",0,"Total",59688,13823,"Census Tract 6013.01, Los Angeles County, CA","14000US06037601301"
2014,"2014",0,"Total",47243,6396,"Census Tract 6013.02, Los Angeles County, CA","14000US06037601302"
2014,"2014",0,"Total",35078,5668,"Census Tract 6013.03, Los Angeles County, CA","14000US06037601303"
2014,"2014",0,"Total",40673,7136.999999999999,"Census Tract 6014.01, Los Angeles County, CA","14000US06037601401"
2014,"2014",0,"Total",55470,3507,"Census Tract 6014.02, Los Angeles County, CA","14000US06037601402"
2014,"2014",0,"Total",29350,7844,"Census Tract 6015.01, Los Angeles County, CA","14000US06037601501"
2014,"2014",0,"Total",31667,8504,"Census Tract 6017, Los Angeles County, CA","14000US06037601700"
2014,"2014",0,"Total",33702,6131,"Census Tract 6018.01, Los Angeles County, CA","14000US06037601801"
2014,"2014",0,"Total",35887,10872,"Census Tract 6018.02, Los Angeles County, CA","14000US06037601802"
2014,"2014",0,"Total",34236,6505,"Census Tract 6019, Los Angeles County, CA","14000US06037601900"
2014,"2014",0,"Total",35313,5218,"Census Tract 6020.03, Los Angeles County, CA","14000US06037602003"
2014,"2014",0,"Total",39574,5687,"Census Tract 6020.04, Los Angeles County, CA","14000US06037602004"
2014,"2014",0,"Total",40041,8966,"Census Tract 6021.04, Los Angeles County, CA","14000US06037602104"
2014,"2014",0,"Total",100864,20829,"Census Tract 7030.02, Los Angeles County, CA","14000US06037703002"
2013,"2013",0,"Total",66591,11855,"Census Tract 6005.01, Los Angeles County, CA","14000US06037600501"
2013,"2013",0,"Total",65972,8276,"Census Tract 6005.02, Los Angeles County, CA","14000US06037600502"
2013,"2013",0,"Total",59028,12808,"Census Tract 6006.01, Los Angeles County, CA","14000US06037600601"
2013,"2013",0,"Total",26488,6155,"Census Tract 6006.02, Los Angeles County, CA","14000US06037600602"
2013,"2013",0,"Total",79740,15988.000000000002,"Census Tract 6007.02, Los Angeles County, CA","14000US06037600702"
2013,"2013",0,"Total",72672,11299,"Census Tract 6007.03, Los Angeles County, CA","14000US06037600703"
2013,"2013",0,"Total",63703,8540,"Census Tract 6007.04, Los Angeles County, CA","14000US06037600704"
2013,"2013",0,"Total",59426,13698,"Census Tract 6008.01, Los Angeles County, CA","14000US06037600801"
2013,"2013",0,"Total",50000,8863,"Census Tract 6008.02, Los Angeles County, CA","14000US06037600802"
2013,"2013",0,"Total",32950,3914,"Census Tract 6009.02, Los Angeles County, CA","14000US06037600902"
2013,"2013",0,"Total",50931,10819,"Census Tract 6009.11, Los Angeles County, CA","14000US06037600911"
2013,"2013",0,"Total",44511,6988,"Census Tract 6009.12, Los Angeles County, CA","14000US06037600912"
2013,"2013",0,"Total",26750,6587,"Census Tract 6010.01, Los Angeles County, CA","14000US06037601001"
2013,"2013",0,"Total",42244,7195,"Census Tract 6010.02, Los Angeles County, CA","14000US06037601002"
2013,"2013",0,"Total",27589,3174,"Census Tract 6011, Los Angeles County, CA","14000US06037601100"
2013,"2013",0,"Total",45169,5663,"Census Tract 6012.02, Los Angeles County, CA","14000US06037601202"
2013,"2013",0,"Total",36615,3721,"Census Tract 6012.11, Los Angeles County, CA","14000US06037601211"
2013,"2013",0,"Total",35850,3875.0000000000005,"Census Tract 6012.12, Los Angeles County, CA","14000US06037601212"
2013,"2013",0,"Total",63281,24662,"Census Tract 6013.01, Los Angeles County, CA","14000US06037601301"
2013,"2013",0,"Total",46940,6578,"Census Tract 6013.02, Los Angeles County, CA","14000US06037601302"
2013,"2013",0,"Total",37603,5092,"Census Tract 6013.03, Los Angeles County, CA","14000US06037601303"
2013,"2013",0,"Total",42414,5443,"Census Tract 6014.01, Los Angeles County, CA","14000US06037601401"
2013,"2013",0,"Total",54022,5484,"Census Tract 6014.02, Los Angeles County, CA","14000US06037601402"
2013,"2013",0,"Total",33958,9689,"Census Tract 6015.01, Los Angeles County, CA","14000US06037601501"
2013,"2013",0,"Total",31541,11908,"Census Tract 6017, Los Angeles County, CA","14000US06037601700"
2013,"2013",0,"Total",31310,6539,"Census Tract 6018.01, Los Angeles County, CA","14000US06037601801"
2013,"2013",0,"Total",46033,20932,"Census Tract 6018.02, Los Angeles County, CA","14000US06037601802"
2013,"2013",0,"Total",32939,4443,"Census Tract 6019, Los Angeles County, CA","14000US06037601900"
2013,"2013",0,"Total",36250,8334,"Census Tract 6020.03, Los Angeles County, CA","14000US06037602003"
2013,"2013",0,"Total",41940,7603.000000000001,"Census Tract 6020.04, Los Angeles County, CA","14000US06037602004"
2013,"2013",0,"Total",42650,7283.999999999999,"Census Tract 6021.04, Los Angeles County, CA","14000US06037602104"
2013,"2013",0,"Total",100950,13747,"Census Tract 7030.02, Los Angeles County, CA","14000US06037703002"